run_id,timestamp,models_trained,duration_seconds
training_run_20250419_182846,2025-04-19T18:28:46.688124,0,8.245066
training_run_20250419_182936,2025-04-19T18:29:36.599263,0,8.257958
training_run_20250419_183947,2025-04-19T18:39:47.005198,0,397.320339
training_run_20250419_184643,2025-04-19T18:46:43.995554,0,385.344238
training_run_20250419_185414,2025-04-19T18:54:14.204811,0,382.903828
training_run_20250419_190447,2025-04-19T19:04:47.369721,12,391.044812
training_run_20250420_140946,2025-04-20T14:09:46.379190,12,388.617836
training_run_20250420_142253,2025-04-20T14:22:53.200582,12,396.536402
training_run_20250420_143907,2025-04-20T14:39:07.374463,12,397.401168
training_run_20250420_145731,2025-04-20T14:57:31.320696,12,395.808928
training_run_20250420_150445,2025-04-20T15:04:45.807349,12,387.734208
training_run_20250420_151455,2025-04-20T15:14:55.641448,12,395.427318
training_run_20250420_155130,2025-04-20T15:51:30.119730,12,397.581193
training_run_20250420_160029,2025-04-20T16:00:29.797958,12,397.704601
training_run_20250420_162033,2025-04-20T16:20:33.599604,12,397.016222
training_run_20250420_162907,2025-04-20T16:29:07.309689,12,391.279939
training_run_20250420_163950,2025-04-20T16:39:50.841541,12,390.826471
training_run_20250420_165501,2025-04-20T16:55:01.794996,12,385.895559
training_run_20250420_173916,2025-04-20T17:39:16.325228,12,398.225359
training_run_20250420_174702,2025-04-20T17:47:02.745081,12,388.674643
training_run_20250420_175424,2025-04-20T17:54:24.711758,12,390.136765
training_run_20250420_180911,2025-04-20T18:09:11.787425,12,402.662065
training_run_20250420_181648,2025-04-20T18:16:48.846732,12,389.6104
training_run_20250420_182431,2025-04-20T18:24:31.894060,12,392.965086
training_run_20250420_183137,2025-04-20T18:31:37.333212,12,387.211175
training_run_20250420_183843,2025-04-20T18:38:43.885232,12,383.708961
training_run_20250420_184652,2025-04-20T18:46:52.049492,12,396.209669
training_run_20250420_185402,2025-04-20T18:54:02.496970,12,387.982776
training_run_20250420_190143,2025-04-20T19:01:43.026915,12,397.190723
training_run_20250420_191506,2025-04-20T19:15:06.811394,18,396.74672
training_run_20250420_193220,2025-04-20T19:32:20.742291,18,387.595734
training_run_20250420_195128,2025-04-20T19:51:28.305518,21,460.988604
training_run_20250420_195946,2025-04-20T19:59:46.483129,63,463.455589
training_run_20250420_212852,2025-04-20T21:28:52.647040,63,510.412078
training_run_20250420_231329,2025-04-20T23:13:29.195407,63,462.763422
